{
  "cacheBootResources": true,
  "config": [
    "appsettings.json"
  ],
  "debugBuild": false,
  "entryAssembly": "CalendarioForestal",
  "icuDataMode": 0,
  "linkerEnabled": true,
  "resources": {
    "assembly": {
      "Blazored.LocalStorage.dll": "sha256-w2vMoqbIgF9UyzKqfDFXjqgg7IsGRHDvzb6DcyaPW6s=",
      "CalendarioForestal.dll": "sha256-j3JdSc8Hr3DKx+D1LEN9xmUjSBCAIgx7g0RDDMadMzE=",
      "Microsoft.AspNetCore.Components.dll": "sha256-LHgOqT7ZAAhcqZs7s5qUQ\/WrPbRupoN3vVnotNEbRLs=",
      "Microsoft.AspNetCore.Components.Forms.dll": "sha256-l6WhLy2+rBzbMIu2nFxJy3fp93ZI\/jppUQ5tCqByeKw=",
      "Microsoft.AspNetCore.Components.Web.dll": "sha256-UTqK1iX8uJP0krWhlFs45x\/xpHX0DGN66zmBiV0gMGU=",
      "Microsoft.AspNetCore.Components.WebAssembly.dll": "sha256-HlBMerKsP8i60JFqKTV5KxMoEnvVkqY7hgPOcvHvEXU=",
      "Microsoft.CSharp.dll": "sha256-+1j1OZwCQhPDhSOGgpepNva8\/R8yqvgHRP5hI6ImzvI=",
      "Microsoft.Extensions.Configuration.Abstractions.dll": "sha256-UfSkSNcGei\/7+Jym4QStyCbzMuRfJHo5Y2cZ3ID4D0Y=",
      "Microsoft.Extensions.Configuration.dll": "sha256-Z1mNchrpcVEHIc2ug4Ef7voqs3dQNAyJ8s2AUqoCyCI=",
      "Microsoft.Extensions.Configuration.Json.dll": "sha256-JXvMn0+wgFZDy9TBJ9Ny37o561KaskMfiaFKwCLDJOg=",
      "Microsoft.Extensions.DependencyInjection.Abstractions.dll": "sha256-ezSaOy5U58WT4zcUy0EjG8TPUzIaaqGUGRQKGAfLk0M=",
      "Microsoft.Extensions.DependencyInjection.dll": "sha256-AkWBgcvzwSgydo9kpOwp7mt4XGz530KLnx2F7fXgOHs=",
      "Microsoft.Extensions.Logging.Abstractions.dll": "sha256-S1e7rTW\/eJKpUiaLNh\/pxshbshovrJ2QPvIHE0HDGQo=",
      "Microsoft.Extensions.Logging.dll": "sha256-aj8Tk1BLrOE4y41oBvw\/VGDdmvACVEpGmiEDNrA7Hco=",
      "Microsoft.Extensions.Options.dll": "sha256-1tB1TdOK1QaMSk7+PPe5sikuuMC9hs8bkujWqFMdAx4=",
      "Microsoft.Extensions.Primitives.dll": "sha256-YColTWA58whC+8aBjv1O7HgsyYrbHTba601EkNDWAlo=",
      "Microsoft.JSInterop.dll": "sha256-1kNOnsXZ9CIpMYzv5p\/2BaEquED70xUJCoyuoAJzvlo=",
      "Microsoft.JSInterop.WebAssembly.dll": "sha256-PI0wwdNO8v8kxf5zscbkHrSOwJtCuYeO6GPuCUblrG8=",
      "Newtonsoft.Json.dll": "sha256-IsZJ91\/OW+fHzNqIgEc7Y072ns8z9dGritiSyvR9Wgc=",
      "Radzen.Blazor.dll": "sha256-S+sBxTsMBt0GgytgsrGqRZs3ZwbddlVlGjha0DtdBpw=",
      "System.Collections.Concurrent.dll": "sha256-JAh05HttosWE0hkaNPzQpsIufDf28Jpw9pNhB2U4zsc=",
      "System.Collections.dll": "sha256-RUGX1zalp8IrfXtTlzSCC67El3aCL4Zu9bPdWZA84us=",
      "System.Collections.NonGeneric.dll": "sha256-jqjPh71yxjz5h\/xMleqkNevOCNopJAnrcNwdAtrcZeM=",
      "System.Collections.Specialized.dll": "sha256-BmxtNTk+P7QodB4NxiB8xD3X2d99A9N3Vi3wHfYdswU=",
      "System.ComponentModel.Annotations.dll": "sha256-dqpOtFF2F\/WcEdORTZo5H\/6wENQ3YdkauU3sXZ+wTqM=",
      "System.ComponentModel.dll": "sha256-A8bbz0iaRoN\/XaKQTfXCuSoDrAbyy7J2\/4QJoz83N6A=",
      "System.ComponentModel.Primitives.dll": "sha256-65ghH+\/V1jpwsSpg4Rv2bq1zPimzMYfWoQ0O3pMF13s=",
      "System.ComponentModel.TypeConverter.dll": "sha256-QEJ7DipJOs1FwNqTbXYYqU7k0NABZyiv63YFohijFXY=",
      "System.Core.dll": "sha256-tazlOti5cuXrrxf8iLHSMbkKWVq8QCoySURazKNIFVc=",
      "System.Data.Common.dll": "sha256-1EBp9lVyG9o76sEOGcj\/xJ3SJNT6bVbBBVJamfCOBaU=",
      "System.Data.SqlClient.dll": "sha256-N9QEun1JrCD4FtOJ\/07ozAAQOd133uOsi2tS+ohSzaM=",
      "System.Diagnostics.TraceSource.dll": "sha256-qv7s1\/4LZ2kqPce6UuKoJeWNvMQ+KCkQy1j5O+7k76c=",
      "System.dll": "sha256-ImKD0hsNiJhLtaiFr9d7oIRrcugCUqIWWc4Ekt+7ngI=",
      "System.Drawing.dll": "sha256-jCBf2aTIxYcvGP7N3aSQSsb9YDFFXhRZWcZe2qFbkLY=",
      "System.Drawing.Primitives.dll": "sha256-aDmZNVd92rKab\/TyiFx\/GmbRNoNkxdSzLRK+u1DSHCw=",
      "System.Linq.dll": "sha256-uBU7Jg04WcGfqO6d2zziU\/UTHUcqfm6+D89TOqIehtU=",
      "System.Linq.Dynamic.Core.dll": "sha256-FdGinC2F9gJYE7tbVl93B0jYWTB+CCpGiFHbABqlHFE=",
      "System.Linq.Expressions.dll": "sha256-PRCiw6JN0BE1COMNp0ZgeZRpi3V6Vlqqz5VaBZ7ITEo=",
      "System.Linq.Queryable.dll": "sha256-kLXFSONrdIk8+0gaxA0kwB1FDQaNb3tz4Lc9BnWA6fQ=",
      "System.Memory.dll": "sha256-FSzOZtikoC3kVF\/h0IZ0tmjSrXX8r\/\/6vST+xKOrwfE=",
      "System.Net.Http.dll": "sha256-tIQpiFKPRYiG98AtHD3+nc11xfaiGfWH8KgjeoXTEXI=",
      "System.Net.Http.Json.dll": "sha256-qfA1CfxmLvYSml9teOUI4kGuVusLgrkSZ7TUY33YkzM=",
      "System.Net.Primitives.dll": "sha256-WjlDeCAPBQp4TE9yRzN9TRPc6PvfpBZ50RQEL9dQPOI=",
      "System.ObjectModel.dll": "sha256-TO1iqcz8M3k0Y6qLtSynsk5MsYLs3R9XF3haNFmf11Q=",
      "System.Private.CoreLib.dll": "sha256-pIK+HqHL7Hf4xPfZVI60kZs2EMwloH0MvcNGvXu0h0s=",
      "System.Private.Runtime.InteropServices.JavaScript.dll": "sha256-XAxtS5SbAoHQQ20nxMGt3Tpq0Uo48jMLYC552cFmvZ4=",
      "System.Private.Uri.dll": "sha256-yvH0dhs5eGEcLZIHbaDCtUfPydQ2sdpGAgIqKCSyIQE=",
      "System.Private.Xml.dll": "sha256-kHjknahsJwI4GSGcFwDZZ8hCFhyPcfu0p+bpXo4u\/RY=",
      "System.Private.Xml.Linq.dll": "sha256-RycrOq0QE8cAYz18nT2s9pv8bmbQtlUcLMQuRIzpwHc=",
      "System.Reflection.Emit.dll": "sha256-tkC4sSw6ws0baLfsTcmuhSGVQNm6\/fMFj0Y9xn2DcnY=",
      "System.Reflection.Emit.ILGeneration.dll": "sha256-GujpgKrzKnRh6QFOThB\/PEVc49nsFmlFkYL\/9eWIXMs=",
      "System.Reflection.Emit.Lightweight.dll": "sha256-3Q\/GYFTYevSvZ4nH2lM6PWCeBTt2pLuCdagfvwENrPc=",
      "System.Reflection.Primitives.dll": "sha256-dK+SxXJ\/yWPR4zK0rKxI9YCARqmSGnLzB2gU1Kpx5t0=",
      "System.Resources.ResourceManager.dll": "sha256-ORhgNXMMzhYH6WGa9yrFi7yOutdem6O925uFkqnd1m0=",
      "System.Runtime.CompilerServices.Unsafe.dll": "sha256-Cux5xAzL\/kD5WOs8FjNlIHyw9UeVTAFLb1HC3IUwWek=",
      "System.Runtime.dll": "sha256-DRG4Y4lUgPz3x3m3TUHd8uO0NcLDdRXuoCS2vvVzVGA=",
      "System.Runtime.Extensions.dll": "sha256-e2zEFX4lkZaWtAQsk9YHFJPF\/Bc+dgmC9E6l1eWoKR4=",
      "System.Runtime.InteropServices.dll": "sha256-rkWbAB\/02Gx6qQT78ZT2KbDgxs5RuiJEqjm0HH7w33g=",
      "System.Runtime.InteropServices.RuntimeInformation.dll": "sha256-zd6vGlqNgytWMqIpoWp4XLOYhZ\/hNjTzagcDkoAX3bU=",
      "System.Runtime.Numerics.dll": "sha256-sFyZH5PDI+FYcUoduqL2IBQvvIZiHnfiD1r74jbYNs8=",
      "System.Runtime.Serialization.Formatters.dll": "sha256-v6LU7gxIFv9ZqAn5NqlxB\/GdCCICm0kyff\/Q7NMqH5I=",
      "System.Runtime.Serialization.Primitives.dll": "sha256-+mzh7TXt5jaGDqVM1MxZDjbz+lpc0VNoYpqGg72UXTQ=",
      "System.Security.Cryptography.Algorithms.dll": "sha256-CeUZwaedPwlBtPG\/ohjtYXGB1vYJkIvouubWa4SCsm4=",
      "System.Security.Cryptography.Primitives.dll": "sha256-jLayoDadOJHTW2xqFCEaKAR\/jZ2kGyydbODLJw1v+F8=",
      "System.Text.Encoding.Extensions.dll": "sha256-6gA4auS2TidMJ7hFFUYmZsIrdqaNW1e5zb+dMOW9xLw=",
      "System.Text.Encodings.Web.dll": "sha256-JtgXNlOezLQulJAjgnZ5aZynySGdrF35oe0O15d6JNA=",
      "System.Text.Json.dll": "sha256-XOoAlJ6UYmgaEBHqW3GRCTehQpymNY2rPAHxQvf+n+4=",
      "System.Text.RegularExpressions.dll": "sha256-M40GyF8fX0BN650G9l1saWNSeZrHFZ\/S43N\/bHTGcYM=",
      "System.Threading.dll": "sha256-540l6uugooXt8HTa7D1k006iloEDzI3JwweYKhYwSyQ=",
      "System.Web.HttpUtility.dll": "sha256-d8lL0h4i3TOWBTJx2M5R+rGRtLu7Ga79bwG\/R6nqfLs=",
      "System.Xml.ReaderWriter.dll": "sha256-+zpwJmAhwqZnFVc12xMjRI7R1uAbudJb30btJAIY0Nk=",
      "System.Xml.XDocument.dll": "sha256-GcU37xyonSFsxUjRzT5qOIKyoIJCloqNYU1ktukL7gM="
    },
    "extensions": null,
    "lazyAssembly": null,
    "libraryInitializers": null,
    "pdb": null,
    "runtime": {
      "dotnet.6.0.14.ydywuymi7u.js": "sha256-54cJ6JdGhGbKaLWxHfRYzYbuyRq2wlK\/ZDzfSXD3FEs=",
      "dotnet.timezones.blat": "sha256-SfxsI5ShckhP73xCMgz3EUrJ5z217yWRW+XFEaAdTwU=",
      "dotnet.wasm": "sha256-L3k66or7AW72FOuf7Cp3kdMqqobLTDpICnPhrjd+5os=",
      "icudt.dat": "sha256-Zuq0dWAsBm6\/2lSOsz7+H9PvFaRn61KIXHMMwXDfvyE=",
      "icudt_CJK.dat": "sha256-WPyI4hWDPnOw62Nr27FkzGjdbucZnQD+Ph+GOPhAedw=",
      "icudt_EFIGS.dat": "sha256-4RwaPx87Z4dvn77ie\/ro3\/QzyS+\/gGmO3Y\/0CSAXw4k=",
      "icudt_no_CJK.dat": "sha256-OxylFgLJlFqixsj+nLxYVsv5iZLvfIKMpLf9hrWaChA="
    },
    "satelliteResources": null
  }
}